"","mean.relief","sd.relief","hard.corals","rock","Length","Status","TargetLoc","School"
"TargetLoc",0.0018695652173913,0,0,0.03828,0.0294117647058824,0.0455714285714286,0,0.000767857142857143
